{
  "SiteRep": {
    "DV": {
      "Location": {
        "Period": [
          {
            "Rep": [
              {
                "$": "360",
                "D": "SW",
                "Dp": "5.5",
                "H": "87.7",
                "P": "1009",
                "Pt": "F",
                "S": "7",
                "T": "7.4",
                "V": "14000",
                "W": "1"
              },
              {
                "$": "420",
                "D": "WSW",
                "Dp": "6.0",
                "H": "80.2",
                "P": "1008",
                "Pt": "F",
                "S": "9",
                "T": "9.2",
                "V": "17000",
                "W": "1"
              },
              {
                "$": "480",
                "D": "W",
                "Dp": "5.4",
                "H": "71.5",
                "P": "1008",
                "Pt": "F",
                "S": "8",
                "T": "10.3",
                "V": "19000",
                "W": "7"
              },
              {
                "$": "540",
                "D": "W",
                "Dp": "5.7",
                "H": "70.6",
                "P": "1007",
                "Pt": "F",
                "S": "8",
                "T": "10.8",
                "V": "20000",
                "W": "8"
              },
              {
                "$": "600",
                "D": "N",
                "Dp": "6.6",
                "H": "77.7",
                "P": "1007",
                "Pt": "F",
                "S": "5",
                "T": "10.3",
                "V": "16000",
                "W": "8"
              },
              {
                "$": "660",
                "D": "W",
                "Dp": "5.5",
                "H": "64.3",
                "P": "1006",
                "Pt": "F",
                "S": "10",
                "T": "12.0",
                "V": "25000",
                "W": "8"
              },
              {
                "$": "720",
                "D": "W",
                "Dp": "4.4",
                "H": "56.5",
                "P": "1006",
                "Pt": "F",
                "S": "10",
                "T": "12.8",
                "V": "26000",
                "W": "7"
              },
              {
                "$": "780",
                "D": "W",
                "Dp": "4.3",
                "H": "52.5",
                "P": "1005",
                "Pt": "F",
                "S": "10",
                "T": "13.8",
                "V": "26000",
                "W": "7"
              },
              {
                "$": "840",
                "D": "W",
                "Dp": "5.2",
                "H": "57.4",
                "P": "1005",
                "Pt": "F",
                "S": "14",
                "T": "13.4",
                "V": "26000",
                "W": "8"
              },
              {
                "$": "900",
                "D": "W",
                "Dp": "4.8",
                "H": "54.4",
                "P": "1004",
                "Pt": "F",
                "S": "13",
                "T": "13.8",
                "V": "28000",
                "W": "7"
              },
              {
                "$": "960",
                "D": "W",
                "Dp": "4.7",
                "H": "54.4",
                "P": "1004",
                "Pt": "F",
                "S": "11",
                "T": "13.7",
                "V": "29000",
                "W": "7"
              },
              {
                "$": "1020",
                "D": "W",
                "Dp": "4.3",
                "H": "53.6",
                "P": "1003",
                "Pt": "F",
                "S": "11",
                "T": "13.5",
                "V": "27000",
                "W": "3"
              },
              {
                "$": "1080",
                "D": "WSW",
                "Dp": "4.1",
                "H": "54.0",
                "P": "1003",
                "Pt": "F",
                "S": "9",
                "T": "13.2",
                "V": "30000",
                "W": "1"
              },
              {
                "$": "1140",
                "D": "WSW",
                "Dp": "3.8",
                "H": "56.7",
                "P": "1003",
                "Pt": "F",
                "S": "9",
                "T": "12.1",
                "V": "27000",
                "W": "1"
              },
              {
                "$": "1200",
                "D": "WSW",
                "Dp": "3.9",
                "H": "63.9",
                "P": "1002",
                "Pt": "F",
                "S": "5",
                "T": "10.4",
                "V": "25000",
                "W": "1"
              },
              {
                "$": "1260",
                "D": "SSW",
                "Dp": "3.8",
                "H": "71.3",
                "P": "1002",
                "Pt": "F",
                "S": "5",
                "T": "8.7",
                "V": "23000",
                "W": "0"
              },
              {
                "$": "1320",
                "D": "SSW",
                "Dp": "3.2",
                "H": "77.3",
                "P": "1002",
                "Pt": "F",
                "S": "3",
                "T": "6.9",
                "V": "20000",
                "W": "0"
              },
              {
                "$": "1380",
                "D": "S",
                "Dp": "3.1",
                "H": "77.3",
                "P": "1002",
                "Pt": "F",
                "S": "6",
                "T": "6.8",
                "V": "25000",
                "W": "0"
              }
            ],
            "type": "Day",
            "value": "2017-05-10Z"
          },
          {
            "Rep": [
              {
                "$": "0",
                "D": "SSE",
                "Dp": "1.7",
                "H": "85.0",
                "P": "1002",
                "Pt": "F",
                "S": "1",
                "T": "4.0",
                "V": "22000",
                "W": "0"
              },
              {
                "$": "60",
                "D": "WNW",
                "Dp": "1.7",
                "H": "91.2",
                "P": "1001",
                "Pt": "F",
                "S": "1",
                "T": "3.0",
                "V": "19000",
                "W": "0"
              },
              {
                "$": "120",
                "D": "S",
                "Dp": "1.1",
                "H": "90.4",
                "P": "1001",
                "Pt": "F",
                "S": "2",
                "T": "2.5",
                "V": "18000",
                "W": "0"
              },
              {
                "$": "180",
                "D": "SSW",
                "Dp": "1.1",
                "H": "94.4",
                "P": "1000",
                "Pt": "F",
                "S": "2",
                "T": "1.9",
                "V": "15000",
                "W": "0"
              },
              {
                "$": "240",
                "D": "N",
                "Dp": "0.4",
                "H": "93.7",
                "P": "1000",
                "Pt": "F",
                "S": "0",
                "T": "1.3",
                "V": "14000",
                "W": "0"
              },
              {
                "$": "300",
                "D": "S",
                "Dp": "1.9",
                "H": "96.4",
                "P": "1000",
                "Pt": "F",
                "S": "1",
                "T": "2.4",
                "V": "14000",
                "W": "7"
              },
              {
                "$": "360",
                "D": "N",
                "Dp": "3.3",
                "H": "96.6",
                "P": "1000",
                "Pt": "F",
                "S": "0",
                "T": "3.8",
                "V": "15000",
                "W": "7"
              }
            ],
            "type": "Day",
            "value": "2017-05-11Z"
          }
        ],
        "continent": "EUROPE",
        "country": "SCOTLAND",
        "elevation": "57.0",
        "i": "3166",
        "lat": "55.928",
        "lon": "-3.343",
        "name": "EDINBURGH/GOGARBANK"
      },
      "dataDate": "2017-05-11T06:00:00Z",
      "type": "Obs"
    },
    "Wx": {
      "Param": [
        {
          "$": "Wind Gust",
          "name": "G",
          "units": "mph"
        },
        {
          "$": "Temperature",
          "name": "T",
          "units": "C"
        },
        {
          "$": "Visibility",
          "name": "V",
          "units": "m"
        },
        {
          "$": "Wind Direction",
          "name": "D",
          "units": "compass"
        },
        {
          "$": "Wind Speed",
          "name": "S",
          "units": "mph"
        },
        {
          "$": "Weather Type",
          "name": "W",
          "units": ""
        },
        {
          "$": "Pressure",
          "name": "P",
          "units": "hpa"
        },
        {
          "$": "Pressure Tendency",
          "name": "Pt",
          "units": "Pa/s"
        },
        {
          "$": "Dew Point",
          "name": "Dp",
          "units": "C"
        },
        {
          "$": "Screen Relative Humidity",
          "name": "H",
          "units": "%"
        }
      ]
    }
  }
}